source,source_type,allsides_rate,community_rate,community_total,community_agree,community_disagree,community_agree_prop,source_type_n,select,twitter_handle_manual,twitter_id,twitter_screen_name,twitter_followers_count,twitter_friends_count,url
Prager University,thinktankpolicy,right,absolutely agree,4015,3252,763,0.8099626400996264,0,,prageru,41160276.0,prageru,519685.0,6154.0,https://www.prageru.com/
Accuracy in Media,thinktankpolicy,right,agree,1538,940,598,0.611183355006502,1,,,,,,,
American Conservative Union,thinktankpolicy,right,strongly agree,1407,945,462,0.6716417910447762,2,,ACUConservative,56401482.0,ACUConservative,34613.0,5741.0,
Americans for Tax Reform,thinktankpolicy,right,somewhat agree,1233,731,502,0.5928629359286294,3,,,,,,,
GOP.gov,thinktankpolicy,right,strongly agree,848,566,282,0.6674528301886793,4,,GOP,11134252.0,GOP,2708630.0,1617.0,http://gop.com/__CLIENT_ERROR__
Atlas Network,thinktankpolicy,right,agree,663,400,263,0.6033182503770739,5,,,,,,,
Pacific Research Institute,thinktankpolicy,right,somewhat disagree,397,197,200,0.4962216624685138,6,,,,,,,
Gell,thinktankpolicy,mixed,agree,166,104,62,0.6265060240963856,0,,,,,,,
Bridge Alliance,thinktankpolicy,mixed,somewhat agree,41,23,18,0.5609756097560976,1,,,,,,,
Center on Budget and Policy Priorities,thinktankpolicy,left,somewhat agree,1470,787,683,0.535374149659864,0,,,,,,,
Americans for Democratic Action,thinktankpolicy,left,strongly agree,1085,770,315,0.7096774193548387,1,,ADAction,17964900.0,ADAction,1410.0,917.0,https://adaction.org/
Children’s Defense Fund,thinktankpolicy,left,somewhat agree,641,330,311,0.514820592823713,2,,,,,,,
National Committee to Preserve Social Security and Medicare,thinktankpolicy,left,somewhat agree,526,278,248,0.5285171102661597,3,,,,,,,
Economic Policy Institute,thinktankpolicy,left,somewhat agree,515,266,249,0.516504854368932,4,,,,,,,
Council on Foreign Relations,thinktankpolicy,left,somewhat disagree,484,204,280,0.4214876033057851,5,,,,,,,
People for the American Way,thinktankpolicy,left,agree,449,280,169,0.623608017817372,6,,,,,,,
Physicians for a National Health Program,thinktankpolicy,left,somewhat agree,357,213,144,0.5966386554621849,7,,,,,,,
EdVotes.org,thinktankpolicy,left,agree,211,139,72,0.6587677725118484,8,,,,,,,
Human Rights Campaign,thinktankpolicy,left,absolutely agree,76,60,16,0.7894736842105263,9,,,,,,,
The Heritage Foundation,thinktankpolicy,lean right,agree,4425,2830,1595,0.63954802259887,0,,,,,,,
Cato Institute,thinktankpolicy,lean right,somewhat disagree,2759,1134,1625,0.4110184849583182,1,,,,,,,
American Enterprise Institute,thinktankpolicy,lean right,agree,2689,1735,954,0.6452212718482707,2,,,,,,,
Whitehouse.gov,thinktankpolicy,lean right,somewhat disagree,1159,517,642,0.4460742018981881,3,,,,,,,
Family Research Council,thinktankpolicy,lean right,disagree,1004,384,620,0.3824701195219123,4,,,,,,,
Center for Strategic and Budgetary Assessments,thinktankpolicy,lean right,somewhat disagree,870,395,475,0.4540229885057471,5,,,,,,,
Independent Institute,thinktankpolicy,lean right,somewhat disagree,608,290,318,0.4769736842105263,6,,,,,,,
AtlasOne,thinktankpolicy,lean right,somewhat disagree,599,283,316,0.4724540901502504,7,,,,,,,
Manhattan Institute,thinktankpolicy,lean right,somewhat disagree,568,248,320,0.4366197183098591,8,,,,,,,
FEE.org,thinktankpolicy,lean right,absolutely agree,529,398,131,0.7523629489603024,9,,,,,,,
Reason Foundation,thinktankpolicy,lean right,somewhat disagree,419,195,224,0.4653937947494033,10,,,,,,,
Freedom House,thinktankpolicy,lean right,somewhat disagree,325,135,190,0.4153846153846154,11,,,,,,,
Capital Research Center,thinktankpolicy,lean right,agree,80,51,29,0.6375,12,,,,,,,
Mises Institute,thinktankpolicy,lean right,agree,71,47,24,0.6619718309859155,13,,,,,,,
Mercatus Center,thinktankpolicy,lean right,somewhat agree,29,15,14,0.5172413793103449,14,,,,,,,
The Catalyst,thinktankpolicy,lean right,somewhat disagree,19,9,10,0.4736842105263157,15,,,,,,,
ACLU,thinktankpolicy,lean left,somewhat disagree,4719,1899,2820,0.4024157660521297,0,,,,,,,
Center For American Progress,thinktankpolicy,lean left,somewhat disagree,2665,1078,1587,0.4045028142589118,1,,,,,,,
Amnesty International,thinktankpolicy,lean left,disagree,1317,459,858,0.3485193621867881,2,,,,,,,
RAND Corporation,thinktankpolicy,lean left,somewhat disagree,1159,484,675,0.4176013805004314,3,,,,,,,
NAACP,thinktankpolicy,lean left,disagree,1043,359,684,0.3441994247363374,4,,,,,,,
Urban Institute,thinktankpolicy,lean left,somewhat agree,993,552,441,0.5558912386706949,5,,,,,,,
Healthcare.gov,thinktankpolicy,lean left,disagree,841,285,556,0.3388822829964328,6,,,,,,,
Environmental Defense Fund,thinktankpolicy,lean left,somewhat agree,655,355,300,0.5419847328244275,7,,,,,,,
Federation of American Scientists,thinktankpolicy,lean left,somewhat disagree,647,287,360,0.4435857805255023,8,,,,,,,
Center for Media & Democracy PR Watch,thinktankpolicy,lean left,somewhat disagree,628,279,349,0.4442675159235669,9,,,,,,,
The Sierra Club,thinktankpolicy,lean left,somewhat disagree,402,163,239,0.4054726368159204,10,,,,,,,
Food Democracy Now,thinktankpolicy,lean left,somewhat disagree,323,154,169,0.4767801857585139,11,,,,,,,
New Economy Working Group,thinktankpolicy,lean left,somewhat agree,198,113,85,0.5707070707070707,12,,,,,,,
The Center for American Progress,thinktankpolicy,lean left,strongly disagree,40,12,28,0.3,13,,,,,,,
AARP,thinktankpolicy,center,disagree,5372,1799,3573,0.3348845867460908,0,,,,,,,
Brookings Institution,thinktankpolicy,center,somewhat agree,4352,2569,1783,0.5903033088235294,1,,,,,,,
Association for Psychological Science,thinktankpolicy,center,somewhat agree,1480,793,687,0.5358108108108108,2,,,,,,,
OpenSecrets.org,thinktankpolicy,center,somewhat agree,1029,596,433,0.5792031098153547,3,,,,,,,
Carnegie Endowment for International Peace,thinktankpolicy,center,somewhat agree,865,466,399,0.5387283236994219,4,,,,,,,
Freakonomics,thinktankpolicy,center,agree,690,432,258,0.6260869565217392,5,,,,,,,
National Interest,thinktankpolicy,center,disagree,583,230,353,0.3945111492281303,6,,,,,,,
CivilPolitics.org,thinktankpolicy,center,somewhat agree,529,271,258,0.5122873345935728,7,,,,,,,
Vote Smart,thinktankpolicy,center,somewhat disagree,467,229,238,0.4903640256959314,8,,,,,,,
No Labels,thinktankpolicy,center,somewhat agree,258,138,120,0.5348837209302325,9,,,,,,,
redefinED,thinktankpolicy,center,agree,243,155,88,0.6378600823045267,10,,,,,,,
Coffee Party USA,thinktankpolicy,center,somewhat agree,128,69,59,0.5390625,11,,,,,,,
Better Government Association,thinktankpolicy,center,somewhat disagree,104,46,58,0.4423076923076923,12,,,,,,,
Committee to Protect Journalists,thinktankpolicy,center,somewhat agree,52,27,25,0.5192307692307693,13,,,,,,,
Common Ground Committee,thinktankpolicy,center,strongly agree,38,28,10,0.7368421052631579,14,,,,,,,
The Reporters Committee for Freedom of the Press,thinktankpolicy,center,somewhat agree,30,18,12,0.6,15,,,,,,,
World Wildlife,thinktankpolicy,center,somewhat agree,24,13,11,0.5416666666666666,16,,,,,,,
Ammo.com,reference,right,somewhat agree,138,77,61,0.5579710144927537,0,,,,,,,
Chicago Booth Initiative on Global Markets,reference,mixed,somewhat agree,476,240,236,0.5042016806722689,0,,,,,,,
RedBlueDictionary.org,reference,mixed,somewhat agree,288,159,129,0.5520833333333334,1,,,,,,,
The Thread,reference,mixed,somewhat agree,75,38,37,0.5066666666666667,2,,,,,,,
Pew Research Center,reference,center,agree,3190,1928,1262,0.6043887147335423,0,,,,,,,
Wikipedia,reference,center,somewhat disagree,2412,1175,1237,0.4871475953565505,1,,,,,,,
Gallup,reference,center,somewhat agree,1197,641,556,0.5355054302422724,2,,,,,,,
Ballotpedia,reference,center,somewhat agree,1054,626,428,0.5939278937381404,3,,,,,,,
Quinnipiac University,reference,center,disagree,682,248,434,0.3636363636363636,4,,,,,,,
Face the Facts USA,reference,center,disagree,677,268,409,0.3958641063515509,5,,,,,,,
United States Courts,reference,center,somewhat disagree,521,217,304,0.4165067178502879,6,,,,,,,
American Psychological Association,reference,center,somewhat disagree,306,127,179,0.4150326797385621,7,,,,,,,
Sunlight Foundation,reference,center,somewhat disagree,297,135,162,0.4545454545454545,8,,,,,,,
Countable,reference,center,somewhat disagree,233,116,117,0.4978540772532189,9,,,,,,,
National Constitution Center,reference,center,somewhat agree,172,96,76,0.5581395348837209,10,,,,,,,
Just Facts,reference,center,somewhat disagree,156,67,89,0.4294871794871794,11,,,,,,,
Human Rights Watch,reference,center,disagree,120,48,72,0.4,12,,,,,,,
DetectFakeNews.com,reference,center,disagree,42,15,27,0.3571428571428571,13,,,,,,,
First Draft News,reference,center,,38,19,19,0.5,14,,,,,,,
News Literacy Project,reference,center,somewhat agree,32,18,14,0.5625,15,,,,,,,
Stimson Center,reference,center,somewhat agree,9,5,4,0.5555555555555556,16,,,,,,,
TheBlaze.com,news,right,somewhat agree,171421,94394,77027,0.550655987306106,0,1.0,theblaze,,,,,
Breitbart News,news,right,absolutely agree,45914,35369,10545,0.770331489306094,1,1.0,BreitbartNews,457984599.0,BreitbartNews,1497430.0,112.0,https://www.breitbart.com/
Fox News (Opinion),news,right,absolutely agree,28853,23373,5480,0.8100717429730011,2,1.0,FoxNewsOpinion,107125748.0,FoxNewsOpinion,141049.0,305.0,https://www.foxnews.com/opinion
National Review,news,right,strongly agree,23896,16937,6959,0.7087797120857047,3,1.0,NRO,19417492.0,NRO,325642.0,1364.0,https://www.nationalreview.com/
Townhall,news,right,somewhat disagree,23463,9514,13949,0.405489494097089,4,1.0,townhallcom,,,,,
Daily Mail,news,right,agree,15272,9790,5482,0.641042430591933,5,1.0,DailyMail,,,,,
The American Spectator,news,right,strongly agree,15087,11210,3877,0.7430237953204746,6,1.0,amspectator,16180004.0,amspectator,40025.0,14999.0,https://spectator.org/
The Daily Caller,news,right,strongly agree,12519,8917,3602,0.7122773384455627,7,1.0,DailyCaller,39308549.0,DailyCaller,730818.0,7554.0,https://dailycaller.com/subscribe/
The Daily Wire,news,right,strongly agree,11886,8722,3164,0.7338044758539458,8,1.0,realDailyWire,4081106480.0,realDailyWire,525983.0,3272.0,https://www.dailywire.com/subscribe?utm_campaign=SuperTuesday&utm_medium=social&utm_source=twitter&utm_term=supertuesday
CBN,news,right,agree,10399,6890,3509,0.6625637080488509,9,1.0,CBNNews,,,,,
The Federalist,news,right,absolutely agree,10214,7806,2408,0.7642451537105933,10,1.0,FDRLST,1408003598.0,FDRLST,252404.0,737.0,http://thefederalist.com/__CLIENT_ERROR__
InfoWars,news,right,absolutely agree,6130,5025,1105,0.8197389885807504,11,0.0,,,,,,
Fox News Latino,news,right,strongly agree,3617,2465,1152,0.6815040088471108,12,1.0,foxnewslatino,161319475.0,foxnewslatino,53171.0,260.0,http://foxnewslatino.com/__CONNECTIONPOOL_ERROR__
One America News Network (OAN),news,right,agree,3414,2092,1322,0.6127709431751611,13,1.0,OANN,,,,,
Media Research Center,news,right,somewhat disagree,3083,1404,1679,0.4554005838469023,14,1.0,theMRC,,,,,
American Thinker,news,right,agree,2824,1840,984,0.6515580736543909,15,1.0,AmericanThinker,,,,,
The Weekly Standard,news,right,agree,2165,1346,819,0.6217090069284065,16,1.0,weeklystandard,,,,,
The Western Journal,news,right,strongly agree,2099,1564,535,0.7451167222486899,17,1.0,WestJournalism,46520074.0,WestJournalism,37539.0,369.0,https://www.westernjournal.com/
KSL,news,right,somewhat agree,1800,963,837,0.535,18,1.0,KSLcom,,,,,
CNSNews.com,news,right,somewhat agree,1724,957,767,0.5551044083526682,19,1.0,cnsnews,,,,,
The Gateway Pundit,news,right,agree,1394,905,489,0.6492109038737446,20,1.0,gatewaypundit,,,,,
Conservative HQ,news,right,strongly agree,1330,910,420,0.6842105263157895,21,,,,,,,
Bearing Drift,news,right,somewhat agree,1272,686,586,0.539308176100629,22,,,,,,,
Washington Free Beacon,news,right,somewhat agree,1240,673,567,0.542741935483871,23,,,,,,,
Red State,news,right,strongly agree,1130,827,303,0.731858407079646,24,,RedState,3135241.0,RedState,231434.0,362.0,https://redstate.com/
WND.com,news,right,strongly agree,1080,773,307,0.7157407407407408,25,,worldnetdaily,43969372.0,worldnetdaily,65684.0,268.0,https://www.wnd.com/
FrontPage Magazine,news,right,somewhat agree,1047,607,440,0.5797516714422158,26,,,,,,,
MichelleMalkin.com,news,right,strongly agree,958,639,319,0.6670146137787056,27,,michellemalkin,15976697.0,michellemalkin,2069887.0,17510.0,https://www.unz.com/mmalkin/
PJ Media,news,right,strongly agree,927,655,272,0.7065803667745415,28,,PJMedia_com,7597712.0,PJMedia_com,58170.0,31324.0,https://pjmedia.com/
City Journal,news,right,somewhat agree,830,460,370,0.5542168674698795,29,,,,,,,
NewsBusters,news,right,agree,790,511,279,0.6468354430379747,30,,,,,,,
Right Side News,news,right,agree,757,503,254,0.6644649933949802,31,,,,,,,
Inacow,news,right,somewhat agree,722,412,310,0.5706371191135734,32,,,,,,,
The Daily Signal,news,right,strongly agree,675,483,192,0.7155555555555555,33,,DailySignal,2361224263.0,DailySignal,65741.0,4307.0,https://www.dailysignal.com/
Right Wing News,news,right,strongly agree,660,442,218,0.6696969696969697,34,,,,,,,
Right - Major Media Sources,news,right,somewhat agree,637,327,310,0.5133437990580848,35,,,,,,,
American Greatness,news,right,strongly agree,552,407,145,0.7373188405797102,36,,theamgreatness,7.490166392874148e+17,theamgreatness,22743.0,2373.0,https://amgreatness.com/
Commentary Magazine,news,right,somewhat agree,525,264,261,0.5028571428571429,37,,,,,,,
Newsmax - Opinion,news,right,strongly agree,479,352,127,0.7348643006263048,38,,,,,,,
The National Pulse,news,right,absolutely agree,432,352,80,0.8148148148148148,39,,,,,,,
The College Fix,news,right,somewhat agree,415,237,178,0.5710843373493976,40,,,,,,,
Whatfinger News,news,right,somewhat agree,356,204,152,0.5730337078651685,41,,,,,,,
New York Post (Opinion),news,right,strongly agree,266,188,78,0.706766917293233,42,,,,,,,
The Resurgent,news,right,somewhat agree,229,131,98,0.5720524017467249,43,,,,,,,
Spectator USA,news,right,agree,193,124,69,0.6424870466321243,44,,,,,,,
The Imaginative Conservative,news,right,somewhat agree,138,82,56,0.5942028985507246,45,,,,,,,
Biblical Gender Roles,news,right,absolutely agree,130,105,25,0.8076923076923077,46,,,,,,,
Red Racing Horses,news,right,somewhat disagree,112,51,61,0.4553571428571428,47,,,,,,,
Biblical Sexology,news,right,strongly agree,100,70,30,0.7,48,,,,,,,
Bizpac Review,news,right,strongly agree,96,65,31,0.6770833333333334,49,,,,,,,
Daily Citizen,news,right,strongly agree,87,59,28,0.6781609195402298,50,,,,,,,
AllSides,news,mixed,strongly agree,5629,4037,1592,0.7171788950079944,0,,,,,,,
AllSides Community,news,mixed,agree,4005,2551,1454,0.6369538077403246,1,,,,,,,
Counterpointing,news,mixed,somewhat agree,786,407,379,0.5178117048346056,2,,,,,,,
The Flip Side,news,mixed,somewhat agree,689,399,290,0.579100145137881,3,,,,,,,
Abridge News,news,mixed,agree,550,346,204,0.6290909090909091,4,,,,,,,
Yahoo! The 360,news,mixed,disagree,389,151,238,0.3881748071979434,5,,,,,,,
Suspend Belief Podcast,news,mixed,somewhat disagree,368,170,198,0.4619565217391304,6,,,,,,,
Listen First Project,news,mixed,somewhat agree,299,163,136,0.5451505016722408,7,,,,,,,
Mismatch.org,news,mixed,somewhat disagree,239,116,123,0.4853556485355648,8,,,,,,,
Braver Angels,news,mixed,somewhat agree,218,125,93,0.573394495412844,9,,,,,,,
StoryCorps,news,mixed,somewhat agree,187,102,85,0.5454545454545454,10,,,,,,,
The Lincoln Project,news,mixed,absolutely disagree,148,27,121,0.1824324324324324,11,,,,,,,
CNN (Online News),news,left,somewhat disagree,89448,44145,45303,0.4935269653877113,0,1.0,CNN,,,,,
HuffPost,news,left,somewhat agree,54556,32727,21829,0.5998790233888115,1,1.0,HuffPost,,,,,
Vox,news,left,agree,40430,25948,14482,0.6418006430868167,2,1.0,voxdotcom,,,,,
CNN (Opinion),news,left,absolutely agree,34254,27922,6332,0.8151456764173527,3,1.0,CNNOpinion,259074538.0,CNNOpinion,100017.0,436.0,https://www.cnn.com/opinions
BuzzFeed News,news,left,strongly agree,29788,21061,8727,0.7070296763797502,4,1.0,BuzzFeedNews,1020058453.0,BuzzFeedNews,1390917.0,4768.0,https://www.buzzfeednews.com/
MSNBC,news,left,absolutely agree,22698,17902,4796,0.7887038505595206,5,1.0,MSNBC,2836421.0,MSNBC,4088456.0,766.0,https://www.msnbc.com/live
Daily Beast,news,left,strongly agree,22616,16946,5670,0.7492925362575168,6,1.0,thedailybeast,16012783.0,thedailybeast,1321202.0,1000.0,https://www.thedailybeast.com/
Salon,news,left,strongly agree,16665,11499,5166,0.69000900090009,7,1.0,Salon,16955991.0,Salon,977468.0,5810.0,https://www.salon.com/about/ways_to_get_salon
Mother Jones,news,left,absolutely agree,15351,13382,1969,0.871734740407791,8,1.0,MotherJones,18510860.0,MotherJones,861142.0,235.0,https://www.motherjones.com/
New York Times (Opinion),news,left,absolutely agree,15282,11990,3292,0.7845831697421803,9,1.0,nytopinion,16686144.0,nytopinion,786896.0,1449.0,https://www.nytimes.com/section/opinion
Democracy Now,news,left,absolutely agree,14479,11758,2721,0.8120726569514469,10,1.0,democracynow,16935292.0,democracynow,787167.0,6543.0,https://www.democracynow.org/
AlterNet,news,left,absolutely agree,13857,11474,2383,0.8280291549397416,11,1.0,AlterNet,18851248.0,AlterNet,138003.0,15944.0,https://www.alternet.org/
Slate,news,left,strongly agree,11460,8211,3249,0.7164921465968587,12,1.0,Slate,15164565.0,Slate,1807481.0,661.0,https://slate.com/
The New Yorker,news,left,absolutely agree,9890,7970,1920,0.8058645096056622,13,1.0,NewYorker,14677919.0,NewYorker,9004128.0,373.0,https://www.newyorker.com/
Daily Kos,news,left,strongly agree,7711,5635,2076,0.7307742186486837,14,1.0,dailykos,20818801.0,dailykos,292345.0,6910.0,https://podcasts.apple.com/us/podcast/daily-kos-the-brief/id1549983077
The Intercept,news,left,absolutely agree,5808,4497,1311,0.7742768595041323,15,1.0,theintercept,2329066872.0,theintercept,859113.0,361.0,https://theintercept.com/
Media Matters,news,left,agree,4601,2931,1670,0.6370354270810693,16,1.0,mmfa,,,,,
ThinkProgress,news,left,absolutely agree,3628,2732,896,0.75303197353914,17,1.0,thinkprogress,55355654.0,thinkprogress,798958.0,888.0,https://thinkprogress.org/
Vice,news,left,absolutely agree,3178,2507,671,0.7888609188168659,18,1.0,VICE,23818581.0,VICE,2043511.0,10889.0,https://www.vice.com/en
New York Magazine,news,left,strongly agree,3122,2178,944,0.6976297245355542,19,1.0,NYMag,45564482.0,NYMag,1816378.0,911.0,https://nymag.com/
New Republic,news,left,agree,2416,1592,824,0.6589403973509934,20,,,,,,,
RollingStone.com,news,left,absolutely agree,2287,1785,502,0.7804984696108439,21,,RollingStone,14780915.0,RollingStone,6294461.0,360.0,https://www.rollingstone.com/
New York Daily News,news,left,strongly agree,2008,1384,624,0.6892430278884463,22,,NYDailyNews,9763482.0,NYDailyNews,799806.0,864.0,https://linktr.ee/nydailynews
The Nation,news,left,absolutely agree,1884,1430,454,0.7590233545647559,23,,thenation,1947301.0,thenation,1281672.0,8949.0,http://www.thenation.com/__CONNECTIONPOOL_ERROR__
Arkansas Democrat-Gazette,news,left,somewhat agree,1806,1030,776,0.5703211517165006,24,,,,,,,
Esquire,news,left,strongly agree,1776,1189,587,0.6694819819819819,25,,esquire,20455625.0,esquire,436881.0,3513.0,https://www.esquire.com/
Raw Story,news,left,strongly agree,1685,1170,515,0.6943620178041543,26,,RawStory,16041234.0,RawStory,222245.0,3949.0,https://www.rawstory.com/
Aquinas College Saint,news,left,agree,1586,966,620,0.6090794451450189,27,,,,,,,
Boing Boing,news,left,agree,1539,937,602,0.6088369070825211,28,,,,,,,
PoliticusUSA,news,left,strongly agree,1468,1093,375,0.7445504087193461,29,,politicususa,14792049.0,politicususa,78946.0,3823.0,http://politicususa.com/__CLIENT_ERROR__
San Francisco Chronicle,news,left,strongly agree,1452,1056,396,0.7272727272727273,30,,sfchronicle,121597316.0,sfchronicle,248014.0,272.0,https://www.sfchronicle.com/
Blue Virginia,news,left,somewhat agree,1378,807,571,0.5856313497822931,31,,,,,,,
Care2,news,left,somewhat disagree,1292,630,662,0.4876160990712074,32,,,,,,,
Left - Major Media Sources,news,left,somewhat agree,1075,608,467,0.5655813953488372,33,,,,,,,
Jacobin,news,left,absolutely agree,1063,854,209,0.8033866415804327,34,,jacobinmag,170254080.0,jacobinmag,333780.0,83.0,https://jacobinmag.com/subscribe
Falls Church News - Press,news,left,somewhat disagree,927,445,482,0.4800431499460625,35,,,,,,,
Herald Democrat,news,left,somewhat agree,912,505,407,0.5537280701754386,36,,,,,,,
Upworthy,news,left,somewhat agree,836,498,338,0.5956937799043063,37,,,,,,,
Mashable,news,left,strongly agree,802,562,240,0.7007481296758105,38,,mashable,972651.0,mashable,9640748.0,2736.0,https://mashable.com/
Socialist Alternative,news,left,strongly agree,726,503,223,0.6928374655647382,39,,SocialistAlt,392893830.0,SocialistAlt,26783.0,2796.0,https://www.socialistalternative.org/
Yes! Magazine,news,left,agree,675,446,229,0.6607407407407407,40,,,,,,,
Socialist Project/The Bullet,news,left,strongly agree,642,443,199,0.6900311526479751,41,,,,,,,
AJ+,news,left,strongly agree,624,468,156,0.75,42,,ajplus,110396781.0,ajplus,1175602.0,356.0,https://www.ajplus.net/subtext?utm_source=twprofile&utm_medium=subtext&utm_campaign=social
Current Affairs,news,left,strongly agree,617,427,190,0.6920583468395461,43,,curaffairs,4128420672.0,curaffairs,139066.0,349.0,https://www.currentaffairs.org/
Progressive Voices of Iowa,news,left,agree,414,258,156,0.6231884057971014,44,,,,,,,
Jezebel,news,left,strongly agree,395,289,106,0.7316455696202532,45,,,,,,,
Splinter,news,left,strongly agree,352,240,112,0.6818181818181818,46,,,,,,,
The Canyon County Zephyr,news,left,somewhat agree,340,187,153,0.55,47,,,,,,,
Peacock Panache,news,left,agree,326,210,116,0.6441717791411042,48,,,,,,,
NewsOne,news,left,strongly agree,309,222,87,0.7184466019417476,49,,,,,,,
Truthdig,news,left,strongly agree,134,90,44,0.6716417910447762,50,,,,,,,
Brown Girl Magazine,news,left,absolutely agree,124,97,27,0.782258064516129,51,,,,,,,
Chicago Defender,news,left,strongly agree,109,80,29,0.7339449541284404,52,,,,,,,
PinkNews,news,left,absolutely agree,93,75,18,0.8064516129032258,53,,,,,,,
Common Dreams,news,left,absolutely agree,90,70,20,0.7777777777777778,54,,,,,,,
Block Club Chicago,news,left,strongly agree,75,51,24,0.68,55,,,,,,,
Refinery29,news,left,agree,71,47,24,0.6619718309859155,56,,,,,,,
Chicago Crusader,news,left,absolutely agree,66,52,14,0.7878787878787878,57,,,,,,,
Daily Chela,news,left,somewhat agree,65,35,30,0.5384615384615384,58,,,,,,,
Latino Rebels,news,left,somewhat agree,47,28,19,0.5957446808510638,59,,,,,,,
Hip Latina,news,left,agree,40,26,14,0.65,60,,,,,,,
Mitú,news,left,somewhat agree,35,20,15,0.5714285714285714,61,,,,,,,
Leafly,news,left,agree,28,17,11,0.6071428571428571,62,,,,,,,
The Juggernaut,news,left,agree,18,11,7,0.6111111111111112,63,,,,,,,
Fox News (Online News),news,lean right,somewhat disagree,81599,37287,44312,0.4569541293398203,0,,,,,,,
Washington Times,news,lean right,strongly agree,39402,26658,12744,0.676564641388762,1,,,,,,,
Newsmax (News),news,lean right,somewhat disagree,19815,9400,10415,0.4743880898309361,2,,,,,,,
New York Post (News),news,lean right,agree,18475,11887,6588,0.6434100135317997,3,,,,,,,
Wall Street Journal (Opinion),news,lean right,somewhat agree,16306,9734,6572,0.596958174904943,4,,,,,,,
Washington Examiner,news,lean right,strongly agree,15438,10583,4855,0.6855162585827179,5,,,,,,,
The Epoch Times,news,lean right,strongly agree,13613,9608,4005,0.7057959303606847,6,,,,,,,
Reason,news,lean right,agree,13605,8435,5170,0.6199926497611172,7,,,,,,,
Drudge Report,news,lean right,somewhat agree,4225,2270,1955,0.5372781065088758,8,,,,,,,
Deseret News,news,lean right,disagree,3059,1226,1833,0.4007845701209546,9,,,,,,,
Judicial Watch,news,lean right,somewhat disagree,2665,1292,1373,0.4848030018761726,10,,,,,,,
Investor's Business Daily,news,lean right,somewhat agree,2242,1238,1004,0.552185548617306,11,,,,,,,
The Telegraph - UK,news,lean right,strongly agree,2100,1414,686,0.6733333333333333,12,,,,,,,
HotAir,news,lean right,somewhat agree,2016,1063,953,0.527281746031746,13,,,,,,,
The Libertarian Republic,news,lean right,somewhat agree,1602,874,728,0.5455680399500624,14,,,,,,,
Fiscal Times,news,lean right,somewhat agree,1374,735,639,0.5349344978165939,15,,,,,,,
Quillette,news,lean right,disagree,1333,522,811,0.3915978994748687,16,,,,,,,
Watchdog.org,news,lean right,somewhat disagree,1194,577,617,0.483249581239531,17,,,,,,,
Boston Herald,news,lean right,somewhat agree,972,530,442,0.5452674897119342,18,,,,,,,
Daily Press,news,lean right,somewhat disagree,900,399,501,0.4433333333333333,19,,,,,,,
Intellectual Conservative,news,lean right,somewhat disagree,820,385,435,0.4695121951219512,20,,,,,,,
Pittsburgh Post-Gazette,news,lean right,somewhat disagree,718,335,383,0.4665738161559888,21,,,,,,,
Project Veritas,news,lean right,somewhat disagree,675,315,360,0.4666666666666667,22,,,,,,,
Orange County Register,news,lean right,somewhat agree,652,361,291,0.553680981595092,23,,,,,,,
The American Conservative,news,lean right,somewhat disagree,604,297,307,0.4917218543046358,24,,,,,,,
Live Action News,news,lean right,somewhat agree,586,344,242,0.5870307167235495,25,,,,,,,
Boston Herald Editorial,news,lean right,somewhat agree,564,285,279,0.5053191489361702,26,,,,,,,
Babylon Bee (Humor),news,lean right,absolutely agree,549,416,133,0.7577413479052824,27,,,,,,,
Richmond Times Dispatch,news,lean right,somewhat agree,534,285,249,0.5337078651685393,28,,,,,,,
Leesburg Today,news,lean right,somewhat agree,490,254,236,0.5183673469387755,29,,,,,,,
The Post Millennial,news,lean right,somewhat agree,489,292,197,0.5971370143149284,30,,,,,,,
Christianity Today,news,lean right,disagree,431,171,260,0.3967517401392111,31,,,,,,,
Check Your Fact,news,lean right,somewhat disagree,279,118,161,0.4229390681003584,32,,,,,,,
The Dispatch,news,lean right,agree,251,161,90,0.6414342629482072,33,,,,,,,
The Texan,news,lean right,somewhat agree,214,124,90,0.5794392523364486,34,,,,,,,
ZeroHedge,news,lean right,somewhat agree,184,109,75,0.592391304347826,35,,,,,,,
The Bulwark,news,lean right,somewhat agree,90,52,38,0.5777777777777777,36,,,,,,,
The Police Tribune,news,lean right,somewhat agree,78,46,32,0.5897435897435898,37,,,,,,,
The American Mind,news,lean right,somewhat agree,59,30,29,0.5084745762711864,38,,,,,,,
Spiked,news,lean right,somewhat agree,55,28,27,0.509090909090909,39,,,,,,,
Students For Life,news,lean right,somewhat disagree,39,17,22,0.4358974358974359,40,,,,,,,
Desiring God,news,lean right,somewhat agree,35,18,17,0.5142857142857142,41,,,,,,,
The Christian Post,news,lean right,somewhat agree,25,14,11,0.56,42,,,,,,,
Scriberr Media - Opinion/Editorial,news,lean right,somewhat agree,24,13,11,0.5416666666666666,43,,,,,,,
The Press-Enterprise,news,lean right,disagree,17,6,11,0.3529411764705882,44,,,,,,,
New York Times (News),news,lean left,somewhat disagree,62216,26233,35983,0.4216439501092966,0,,,,,,,
Washington Post,news,lean left,agree,55675,33524,22151,0.6021374045801526,1,,,,,,,
Politico,news,lean left,somewhat disagree,49922,21546,28376,0.4315932855254196,2,,,,,,,
ABC News (Online),news,lean left,agree,47322,31116,16206,0.6575377202992265,3,,,,,,,
Bloomberg,news,lean left,somewhat disagree,33529,14000,19529,0.4175489874437054,4,,,,,,,
CBS News,news,lean left,agree,27714,16820,10894,0.6069134733347766,5,,,,,,,
NBC News (Online),news,lean left,somewhat disagree,21132,10517,10615,0.4976812417187204,6,,,,,,,
The Atlantic,news,lean left,agree,19693,12910,6783,0.6555628903671356,7,,,,,,,
The Guardian,news,lean left,agree,19059,11971,7088,0.6281022089301642,8,,,,,,,
Time Magazine,news,lean left,somewhat agree,15153,8247,6906,0.5442486636309641,9,,,,,,,
NPR (Opinion),news,lean left,somewhat disagree,14748,6981,7767,0.4733523189585028,10,,,,,,,
The Economist,news,lean left,disagree,13508,4857,8651,0.3595647023985786,11,,,,,,,
Al Jazeera,news,lean left,disagree,11762,4622,7140,0.3929603808876041,12,,,,,,,
PolitiFact,news,lean left,somewhat agree,9293,5209,4084,0.5605294307543313,13,,,,,,,
Los Angeles Times,news,lean left,somewhat agree,8155,4706,3449,0.5770692826486817,14,,,,,,,
AP Politics & Fact Check,news,lean left,somewhat disagree,6396,2877,3519,0.449812382739212,15,,,,,,,
Vanity Fair,news,lean left,agree,6009,3636,2373,0.6050923614578133,16,,,,,,,
Yahoo! News,news,lean left,agree,5819,3567,2252,0.6129919230108266,17,,,,,,,
U.S. News & World Report,news,lean left,somewhat disagree,3603,1734,1869,0.4812656119900083,18,,,,,,,
NBC Today Show,news,lean left,somewhat disagree,3100,1516,1584,0.4890322580645161,19,,,,,,,
The Boston Globe,news,lean left,somewhat agree,2958,1691,1267,0.5716700473292765,20,,,,,,,
ProPublica,news,lean left,somewhat agree,2594,1547,1047,0.5963762528912876,21,,,,,,,
Scientific American,news,lean left,agree,2372,1538,834,0.648397976391231,22,,,,,,,
Atlanta Journal-Constitution,news,lean left,somewhat agree,1970,1035,935,0.5253807106598984,23,,,,,,,
Chicago Sun-Times,news,lean left,somewhat disagree,1714,849,865,0.4953325554259043,24,,,,,,,
Harvard Business School,news,lean left,somewhat disagree,1708,770,938,0.4508196721311475,25,,,,,,,
Bustle,news,lean left,somewhat agree,1688,856,832,0.5071090047393365,26,,,,,,,
Mediaite,news,lean left,somewhat agree,1673,844,829,0.5044829647340108,27,,,,,,,
Center for Public Integrity,news,lean left,somewhat disagree,1566,719,847,0.4591315453384419,28,,,,,,,
Austin American-Statesman,news,lean left,somewhat agree,1560,866,694,0.5551282051282052,29,,,,,,,
Google News,news,lean left,somewhat agree,1404,811,593,0.5776353276353277,30,,,,,,,
Bowling Green Daily News,news,lean left,somewhat disagree,1295,630,665,0.4864864864864865,31,,,,,,,
Centre View,news,lean left,somewhat disagree,1293,615,678,0.4756380510440835,32,,,,,,,
The Verge,news,lean left,agree,1219,742,477,0.6086956521739131,33,,,,,,,
FAIR,news,lean left,somewhat disagree,1172,580,592,0.4948805460750853,34,,,,,,,
SFGate,news,lean left,somewhat disagree,1093,529,564,0.4839890210430009,35,,,,,,,
Grist,news,lean left,somewhat disagree,1058,506,552,0.4782608695652174,36,,,,,,,
Univision,news,lean left,somewhat disagree,1043,517,526,0.4956855225311601,37,,,,,,,
Teen Vogue,news,lean left,disagree,1003,397,606,0.3958125623130608,38,,,,,,,
San Jose Mercury News,news,lean left,somewhat disagree,974,479,495,0.4917864476386037,39,,,,,,,
The Root,news,lean left,somewhat disagree,864,393,471,0.4548611111111111,40,,,,,,,
Daily Northwestern,news,lean left,somewhat disagree,824,402,422,0.4878640776699029,41,,,,,,,
TruthOut,news,lean left,somewhat disagree,823,407,416,0.4945321992709599,42,,,,,,,
Pacific Standard,news,lean left,somewhat agree,821,432,389,0.5261875761266748,43,,,,,,,
Miami Herald,news,lean left,somewhat disagree,801,394,407,0.4918851435705368,44,,,,,,,
The Independent,news,lean left,somewhat agree,768,444,324,0.578125,45,,,,,,,
The Sacramento Bee,news,lean left,somewhat disagree,725,333,392,0.4593103448275862,46,,,,,,,
Daily Targum,news,lean left,somewhat disagree,708,286,422,0.403954802259887,47,,,,,,,
Indy Week,news,lean left,somewhat disagree,699,333,366,0.4763948497854077,48,,,,,,,
Las Vegas Sun,news,lean left,somewhat disagree,675,337,338,0.4992592592592592,49,,,,,,,
Counter Currents,news,lean left,somewhat agree,658,376,282,0.5714285714285714,50,,,,,,,
BET,news,lean left,somewhat disagree,562,234,328,0.4163701067615658,51,,,,,,,
Detroit Free Press,news,lean left,somewhat disagree,560,254,306,0.4535714285714285,52,,,,,,,
Washington Monthly,news,lean left,somewhat agree,549,295,254,0.5373406193078324,53,,,,,,,
Spokesman Review,news,lean left,somewhat disagree,543,248,295,0.4567219152854512,54,,,,,,,
Michigan Daily,news,lean left,somewhat agree,532,276,256,0.518796992481203,55,,,,,,,
The Courier-Journal,news,lean left,somewhat disagree,526,214,312,0.4068441064638783,56,,,,,,,
Louisville Courier-Journal,news,lean left,somewhat disagree,494,242,252,0.4898785425101215,57,,,,,,,
State Journal,news,lean left,somewhat disagree,493,205,288,0.4158215010141988,58,,,,,,,
The Delaware County Daily Times,news,lean left,somewhat disagree,463,214,249,0.4622030237580993,59,,,,,,,
The Advocate-Messenger,news,lean left,somewhat disagree,462,206,256,0.4458874458874459,60,,,,,,,
Wisconsin Gazette,news,lean left,somewhat agree,459,244,215,0.5315904139433552,61,,,,,,,
VT Digger,news,lean left,somewhat disagree,428,203,225,0.4742990654205608,62,,,,,,,
The Commercial Appeal,news,lean left,somewhat disagree,417,179,238,0.4292565947242206,63,,,,,,,
Longmont Times-Call,news,lean left,somewhat agree,414,222,192,0.5362318840579711,64,,,,,,,
The Philadelphia Inquirer,news,lean left,somewhat agree,410,206,204,0.5024390243902439,65,,,,,,,
The Onion (Humor),news,lean left,agree,399,259,140,0.6491228070175439,66,,,,,,,
The Cadiz Record,news,lean left,somewhat disagree,390,193,197,0.4948717948717949,67,,,,,,,
Gizmodo,news,lean left,somewhat agree,361,202,159,0.5595567867036011,68,,,,,,,
MTV News Online,news,lean left,disagree,357,135,222,0.3781512605042016,69,,,,,,,
The Texas Tribune,news,lean left,agree,344,225,119,0.6540697674418605,70,,,,,,,
Sky-Hi Daily News,news,lean left,somewhat agree,341,173,168,0.5073313782991202,71,,,,,,,
GQ.com,news,lean left,somewhat disagree,315,142,173,0.4507936507936508,72,,,,,,,
The Justice,news,lean left,somewhat disagree,314,153,161,0.4872611464968153,73,,,,,,,
Above The Law,news,lean left,strongly agree,292,209,83,0.7157534246575342,74,,,,,,,
The Week - Opinion,news,lean left,somewhat agree,250,141,109,0.564,75,,,,,,,
LGBTQ Nation,news,lean left,absolutely disagree,231,56,175,0.2424242424242424,76,,,,,,,
The Daily Dot,news,lean left,somewhat agree,211,112,99,0.5308056872037915,77,,,,,,,
GLAAD,news,lean left,absolutely disagree,185,44,141,0.2378378378378378,78,,,,,,,
East Bay Times,news,lean left,agree,159,103,56,0.6477987421383647,79,,,,,,,
Atlanta Black Star,news,lean left,disagree,139,48,91,0.3453237410071942,80,,,,,,,
Black Enterprise,news,lean left,disagree,136,53,83,0.3897058823529412,81,,,,,,,
The Texas Observer,news,lean left,somewhat disagree,129,62,67,0.4806201550387597,82,,,,,,,
Boston Review,news,lean left,somewhat agree,92,49,43,0.532608695652174,83,,,,,,,
The Plebeian,news,lean left,somewhat agree,65,34,31,0.5230769230769231,84,,,,,,,
High Times,news,lean left,somewhat agree,57,32,25,0.5614035087719298,85,,,,,,,
The Hollywood Reporter,news,lean left,somewhat agree,56,29,27,0.5178571428571429,86,,,,,,,
Elle Magazine,news,lean left,agree,50,33,17,0.66,87,,,,,,,
The Advocate,news,lean left,disagree,48,18,30,0.375,88,,,,,,,
Marijuana Moment,news,lean left,somewhat agree,45,26,19,0.5777777777777777,89,,,,,,,
The Colorado Sun,news,lean left,somewhat agree,42,23,19,0.5476190476190477,90,,,,,,,
San Diego Union-Tribune,news,lean left,somewhat disagree,37,18,19,0.4864864864864865,91,,,,,,,
The Maneater,news,lean left,somewhat agree,17,10,7,0.5882352941176471,92,,,,,,,
NPR (Online News),news,center,somewhat agree,55241,29341,25900,0.5311453449430676,0,1.0,NPR,,,,,
BBC News,news,center,somewhat agree,48173,25965,22208,0.5389948726465033,1,1.0,BBCNorthAmerica,,,,,
Wall Street Journal (News),news,center,somewhat disagree,43058,19825,23233,0.4604254726183288,2,1.0,WSJ,,,,,
Associated Press,news,center,somewhat agree,40323,23175,17148,0.5747340227661633,3,1.0,AP,,,,,
USA TODAY,news,center,somewhat disagree,35138,17018,18120,0.4843189709146793,4,1.0,USATODAY,,,,,
The Hill,news,center,somewhat disagree,32800,14176,18624,0.4321951219512195,5,1.0,thehill,,,,,
Christian Science Monitor,news,center,somewhat disagree,32220,14338,17882,0.4450031036623215,6,1.0,csmonitor,,,,,
Reuters,news,center,agree,24330,15845,8485,0.6512535963830661,7,1.0,Reuters,,,,,
Forbes,news,center,agree,18565,11827,6738,0.6370589819552922,8,1.0,Forbes,,,,,
FactCheck.org,news,center,somewhat agree,13941,7460,6481,0.5351122588049638,9,0.0,factcheckdotorg,,,,,
RealClearPolitics,news,center,somewhat disagree,9339,4231,5108,0.4530463647071421,10,1.0,RealClearNews,,,,,
Axios,news,center,somewhat disagree,9019,4412,4607,0.4891894888568577,11,1.0,axios,,,,,
CNBC,news,center,strongly disagree,8557,2660,5897,0.3108566086245179,12,1.0,CNBC,,,,,
Business Insider,news,center,somewhat disagree,7590,3083,4507,0.4061923583662714,13,1.0,businessinsider,,,,,
FiveThirtyEight,news,center,somewhat agree,7550,4405,3145,0.5834437086092715,14,1.0,FiveThirtyEight,,,,,
Newsweek,news,center,somewhat disagree,6816,2943,3873,0.4317781690140845,15,1.0,Newsweek,,,,,
The Week - News,news,center,somewhat agree,6658,3643,3015,0.5471613097026135,16,1.0,TheWeek,,,,,
Chicago Tribune,news,center,disagree,5805,2045,3760,0.3522825150732127,17,1.0,chicagotribune,,,,,
PBS NewsHour,news,center,somewhat agree,5666,3280,2386,0.5788916343099189,18,1.0,NewsHour,,,,,
C-SPAN,news,center,absolutely agree,5102,3873,1229,0.7591140729125833,19,1.0,cspan,,,,,
Snopes,news,center,strongly disagree,4925,1493,3432,0.3031472081218274,20,0.0,snopes,,,,,
Independent Journal Review,news,center,somewhat agree,2466,1280,1186,0.519059205190592,21,1.0,TheIJR,,,,,
International Business Times,news,center,somewhat agree,1907,1067,840,0.5595175668589407,22,,,,,,,
National Journal,news,center,somewhat agree,1817,1033,784,0.5685195376995047,23,,,,,,,
Foreign Affairs,news,center,agree,1647,1059,588,0.6429872495446266,24,,,,,,,
Fact Checker Blog,news,center,somewhat agree,1619,839,780,0.5182211241507103,25,,,,,,,
Cook Report,news,center,agree,1575,950,625,0.6031746031746031,26,,,,,,,
Rasmussen Reports,news,center,somewhat disagree,1512,619,893,0.4093915343915344,27,,,,,,,
CalMatters,news,center,somewhat agree,1395,758,637,0.5433691756272402,28,,,,,,,
Quartz,news,center,somewhat disagree,1377,675,702,0.4901960784313725,29,,,,,,,
Financial Times,news,center,agree,1338,808,530,0.6038863976083707,30,,,,,,,
How Do We Fix It?,news,center,somewhat agree,1291,661,630,0.512006196746708,31,,,,,,,
PRI (Public Radio International),news,center,agree,1283,778,505,0.6063912704598597,32,,,,,,,
Center - Major Media Sources,news,center,somewhat agree,1282,687,595,0.5358814352574103,33,,,,,,,
Barnstable Patriot,news,center,somewhat disagree,1218,563,655,0.4622331691297208,34,,,,,,,
MarketWatch,news,center,strongly disagree,1190,337,853,0.2831932773109243,35,,,,,,,
CalWatchdog,news,center,somewhat disagree,1188,570,618,0.4797979797979798,36,,,,,,,
KQED,news,center,somewhat agree,1033,556,477,0.5382381413359149,37,,,,,,,
IVN,news,center,somewhat agree,937,473,464,0.5048025613660619,38,,,,,,,
Daily Cardinal,news,center,somewhat disagree,933,448,485,0.480171489817792,39,,,,,,,
Daily Progress,news,center,somewhat disagree,916,449,467,0.490174672489083,40,,,,,,,
CrowdPAC,news,center,somewhat disagree,912,444,468,0.4868421052631579,41,,,,,,,
Science Daily,news,center,agree,895,555,340,0.6201117318435754,42,,,,,,,
Honolulu Civil Beat,news,center,somewhat disagree,884,370,514,0.418552036199095,43,,,,,,,
Duke Chronicle,news,center,somewhat agree,868,435,433,0.5011520737327189,44,,,,,,,
CU Independent,news,center,somewhat disagree,835,381,454,0.4562874251497006,45,,,,,,,
Hampton Roads Messanger,news,center,somewhat disagree,826,408,418,0.4939467312348668,46,,,,,,,
TechCrunch,news,center,somewhat agree,806,478,328,0.5930521091811415,47,,,,,,,
CNET,news,center,somewhat agree,800,435,365,0.54375,48,,,,,,,
Lifehacker,news,center,somewhat agree,788,400,388,0.5076142131979695,49,,,,,,,
Eurek Alert,news,center,somewhat disagree,784,369,415,0.4706632653061224,50,,,,,,,
WGBH,news,center,somewhat agree,744,394,350,0.5295698924731183,51,,,,,,,
Just The News,news,center,strongly disagree,731,194,537,0.265389876880985,52,,,,,,,
The Republican,news,center,strongly disagree,724,235,489,0.324585635359116,53,,,,,,,
Indiana Daily Student,news,center,somewhat disagree,712,310,402,0.4353932584269663,54,,,,,,,
Columbia Journalism Review,news,center,disagree,700,242,458,0.3457142857142857,55,,,,,,,
Diplomatic Courier,news,center,somewhat agree,688,378,310,0.5494186046511628,56,,,,,,,
Inside Philanthropy,news,center,somewhat disagree,685,322,363,0.4700729927007299,57,,,,,,,
Estes Park Trail Gazette,news,center,somewhat disagree,669,298,371,0.445440956651719,58,,,,,,,
Portland Press Herald,news,center,somewhat disagree,669,271,398,0.4050822122571001,59,,,,,,,
SF Weekly,news,center,somewhat disagree,667,294,373,0.4407796101949025,60,,,,,,,
The Observer (New York),news,center,disagree,664,241,423,0.3629518072289157,61,,,,,,,
Indy Online,news,center,somewhat disagree,650,311,339,0.4784615384615384,62,,,,,,,
Journalist's Resource,news,center,somewhat disagree,644,304,340,0.4720496894409938,63,,,,,,,
Wired,news,center,somewhat disagree,635,256,379,0.4031496062992126,64,,,,,,,
Defense One,news,center,somewhat agree,622,318,304,0.5112540192926045,65,,,,,,,
Truth or Fiction,news,center,somewhat agree,592,318,274,0.5371621621621622,66,,,,,,,
Tallahassee Democrat,news,center,somewhat disagree,574,279,295,0.4860627177700348,67,,,,,,,
Foreign Policy,news,center,somewhat disagree,532,253,279,0.4755639097744361,68,,,,,,,
MIT News,news,center,somewhat agree,517,281,236,0.5435203094777563,69,,,,,,,
NMPolitics.net,news,center,somewhat disagree,510,224,286,0.4392156862745098,70,,,,,,,
Smerconish,news,center,somewhat disagree,505,222,283,0.4396039603960396,71,,,,,,,
Jubilee Media,news,center,somewhat disagree,502,243,259,0.4840637450199203,72,,,,,,,
AZ Central,news,center,disagree,494,192,302,0.388663967611336,73,,,,,,,
The Jerusalem Post,news,center,somewhat disagree,493,246,247,0.4989858012170385,74,,,,,,,
PXW News,news,center,somewhat disagree,437,212,225,0.4851258581235698,75,,,,,,,
Roll Call,news,center,somewhat agree,432,227,205,0.5254629629629629,76,,,,,,,
The Seattle Times,news,center,disagree,427,155,272,0.3629976580796253,77,,,,,,,
The Dallas Morning News,news,center,somewhat agree,413,215,198,0.5205811138014528,78,,,,,,,
Fortune,news,center,disagree,402,145,257,0.3606965174129353,79,,,,,,,
WFAE,news,center,somewhat disagree,397,192,205,0.4836272040302267,80,,,,,,,
Detroit News,news,center,disagree,386,142,244,0.3678756476683937,81,,,,,,,
The Saturday Evening Post,news,center,somewhat agree,360,209,151,0.5805555555555556,82,,,,,,,
Newsy,news,center,strongly agree,357,254,103,0.711484593837535,83,,,,,,,
The Korea Herald,news,center,somewhat agree,349,204,145,0.5845272206303725,84,,,,,,,
Des Moines Register,news,center,somewhat disagree,348,146,202,0.4195402298850574,85,,,,,,,
Volante,news,center,somewhat disagree,344,166,178,0.4825581395348837,86,,,,,,,
Record Journal,news,center,somewhat disagree,339,163,176,0.4808259587020649,87,,,,,,,
The Red and Black,news,center,somewhat agree,320,187,133,0.584375,88,,,,,,,
The Reliable Bias,news,center,somewhat disagree,313,140,173,0.4472843450479233,89,,,,,,,
Phys.org,news,center,agree,294,191,103,0.6496598639455783,90,,,,,,,
Poynter,news,center,strongly disagree,294,98,196,0.3333333333333333,91,,,,,,,
Houston Chronicle,news,center,disagree,287,111,176,0.3867595818815331,92,,,,,,,
WGN,news,center,somewhat disagree,273,131,142,0.4798534798534798,93,,,,,,,
The Fulcrum,news,center,somewhat agree,272,139,133,0.5110294117647058,94,,,,,,,
Heavy.com,news,center,somewhat disagree,267,128,139,0.4794007490636704,95,,,,,,,
Voice of America,news,center,somewhat agree,249,125,124,0.5020080321285141,96,,,,,,,
McClatchyDC,news,center,somewhat disagree,247,105,142,0.4251012145748988,97,,,,,,,
Bridgemi.com,news,center,somewhat agree,243,137,106,0.5637860082304527,98,,,,,,,
The Oracle,news,center,somewhat disagree,235,104,131,0.4425531914893617,99,,,,,,,
The Globe and Mail,news,center,somewhat disagree,232,108,124,0.4655172413793103,100,,,,,,,
Idaho Statesman,news,center,somewhat disagree,211,95,116,0.4502369668246445,101,,,,,,,
The Center Square - Michigan,news,center,disagree,204,75,129,0.3676470588235294,102,,,,,,,
KATU,news,center,somewhat disagree,195,86,109,0.441025641025641,103,,,,,,,
Subverse,news,center,agree,191,122,69,0.6387434554973822,104,,,,,,,
Military Times,news,center,somewhat agree,189,95,94,0.5026455026455027,105,,,,,,,
Psychology Today,news,center,,178,89,89,0.5,106,,,,,,,
The Appeal,news,center,somewhat agree,172,96,76,0.5581395348837209,107,,,,,,,
Wake Up to Politics,news,center,somewhat agree,157,84,73,0.535031847133758,108,,,,,,,
Nature.com,news,center,agree,150,97,53,0.6466666666666666,109,,,,,,,
National Geographic,news,center,somewhat agree,133,78,55,0.5864661654135338,110,,,,,,,
New Discourses,news,center,agree,133,84,49,0.631578947368421,111,,,,,,,
WANDTV,news,center,somewhat disagree,130,62,68,0.4769230769230769,112,,,,,,,
Nieman Lab,news,center,somewhat disagree,127,62,65,0.4881889763779528,113,,,,,,,
New Hampshire Union Leader,news,center,somewhat disagree,118,54,64,0.4576271186440678,114,,,,,,,
Concord Monitor,news,center,somewhat disagree,105,51,54,0.4857142857142857,115,,,,,,,
Smithsonian Magazine,news,center,agree,104,66,38,0.6346153846153846,116,,,,,,,
Live Science,news,center,somewhat agree,88,49,39,0.5568181818181818,117,,,,,,,
Scriberr Media - News,news,center,agree,88,53,35,0.6022727272727273,118,,,,,,,
The Oregonian,news,center,strongly disagree,87,24,63,0.2758620689655172,119,,,,,,,
The Marshall Project,news,center,somewhat disagree,83,34,49,0.4096385542168674,120,,,,,,,
Virginia Mercury,news,center,somewhat disagree,76,37,39,0.4868421052631579,121,,,,,,,
Los Angeles Daily News,news,center,absolutely disagree,66,14,52,0.2121212121212121,122,,,,,,,
South China Morning Post,news,center,strongly disagree,57,16,41,0.2807017543859649,123,,,,,,,
JSTOR Daily,news,center,somewhat agree,50,29,21,0.58,124,,,,,,,
Patch.com,news,center,strongly disagree,50,16,34,0.32,125,,,,,,,
Erraticus,news,center,strongly agree,48,34,14,0.7083333333333334,126,,,,,,,
Daily Breeze,news,center,strongly disagree,47,15,32,0.3191489361702128,127,,,,,,,
IndyStar,news,center,somewhat disagree,45,19,26,0.4222222222222222,128,,,,,,,
KALW.org,news,center,somewhat disagree,40,18,22,0.45,129,,,,,,,
Law & Crime,news,center,somewhat disagree,40,19,21,0.475,130,,,,,,,
Columbia Missourian,news,center,agree,35,22,13,0.6285714285714286,131,,,,,,,
Misinformation Review,news,center,somewhat disagree,35,17,18,0.4857142857142857,132,,,,,,,
San Gabriel Valley Tribune,news,center,somewhat agree,34,19,15,0.5588235294117647,133,,,,,,,
Kenosha News,news,center,strongly disagree,33,10,23,0.303030303030303,134,,,,,,,
Long Beach Press-Telegram,news,center,strongly disagree,33,10,23,0.303030303030303,135,,,,,,,
Making Sense,news,center,agree,33,20,13,0.6060606060606061,136,,,,,,,
Variety,news,center,strongly disagree,33,11,22,0.3333333333333333,137,,,,,,,
Inland Valley Daily Bulletin,news,center,,32,16,16,0.5,138,,,,,,,
SCOTUSblog,news,center,somewhat agree,32,19,13,0.59375,139,,,,,,,
The Japan Times,news,center,agree,27,17,10,0.6296296296296297,140,,,,,,,
Jefferson Public Radio,news,center,agree,26,16,10,0.6153846153846154,141,,,,,,,
Newtrals,news,center,strongly agree,26,18,8,0.6923076923076923,142,,,,,,,
Pasadena Star-News,news,center,somewhat agree,26,15,11,0.5769230769230769,143,,,,,,,
KWCH,news,center,somewhat agree,25,15,10,0.6,144,,,,,,,
Outkick the Coverage,news,center,strongly disagree,24,6,18,0.25,145,,,,,,,
Tech Xplore,news,center,,24,12,12,0.5,146,,,,,,,
San Bernardino Sun,news,center,strongly agree,22,16,6,0.7272727272727273,147,,,,,,,
Whittier Daily News,news,center,somewhat disagree,21,10,11,0.4761904761904761,148,,,,,,,
Palm Springs Desert Sun,news,center,absolutely disagree,17,4,13,0.2352941176470588,149,,,,,,,
Redlands Daily Facts,news,center,disagree,17,6,11,0.3529411764705882,150,,,,,,,
The Markup,news,center,somewhat disagree,17,7,10,0.4117647058823529,151,,,,,,,
The Lufkin Daily News,news,center,agree,11,7,4,0.6363636363636364,152,,,,,,,
The Tennesseean,news,center,somewhat agree,11,6,5,0.5454545454545454,153,,,,,,,
The Bellows,news,center,strongly disagree,9,3,6,0.3333333333333333,154,,,,,,,
Our.News,news,center,somewhat agree,7,4,3,0.5714285714285714,155,,,,,,,
Ben Shapiro,author,right,strongly agree,3712,2568,1144,0.6918103448275862,0,,benshapiro,17995040.0,benshapiro,3334890.0,263.0,https://www.dailywire.com/
Ann Coulter,author,right,absolutely agree,2283,1873,410,0.8204117389399912,1,,AnnCoulter,196168350.0,AnnCoulter,2000929.0,1282.0,http://anncoulter.com/__CLIENT_ERROR__
Andrew Napolitano,author,right,somewhat disagree,1819,822,997,0.4518966465090709,2,,,,,,,
George Will,author,right,disagree,1427,548,879,0.3840224246671338,3,,,,,,,
Allysia Finley (Wall Street Journal),author,right,somewhat disagree,1300,617,683,0.4746153846153846,4,,,,,,,
Glenn Beck,author,right,absolutely agree,1252,954,298,0.7619808306709265,5,,glennbeck,17454769.0,glennbeck,1302522.0,452.0,https://www.youtube.com/user/glennbeck/
Newt Gingrich,author,right,strongly agree,1011,732,279,0.7240356083086054,6,,newtgingrich,20713061.0,newtgingrich,2281047.0,942.0,https://www.gingrich360.com/
Tucker Carlson,author,right,strongly agree,933,669,264,0.7170418006430869,7,,TuckerCarlson,22703645.0,TuckerCarlson,4347085.0,94.0,http://www.tuckercarlson.com/__CONNECTIONPOOL_ERROR__
Peggy Noonan,author,right,disagree,889,342,547,0.3847019122609674,8,,,,,,,
Al Cardenas,author,right,somewhat agree,786,449,337,0.5712468193384224,9,,,,,,,
Matt Drudge,author,right,somewhat agree,758,387,371,0.5105540897097626,10,,,,,,,
Michelle Malkin,author,right,strongly agree,709,480,229,0.6770098730606487,11,,michellemalkin,15976697.0,michellemalkin,2069887.0,17510.0,https://www.unz.com/mmalkin/
Marc A. Thiessen,author,right,agree,700,440,260,0.6285714285714286,12,,,,,,,
Frank Miniter,author,right,somewhat agree,661,335,326,0.5068078668683812,13,,,,,,,
Brent Bozell,author,right,somewhat agree,640,339,301,0.5296875,14,,,,,,,
John Boehner,author,right,somewhat disagree,640,265,375,0.4140625,15,,,,,,,
Bob Gorrell (cartoonist),author,right,somewhat agree,556,328,228,0.5899280575539568,16,,,,,,,
Rich Lowry,author,right,somewhat agree,556,292,264,0.5251798561151079,17,,,,,,,
Grover Norquist,author,right,strongly agree,498,373,125,0.748995983935743,18,,,,,,,
Chris Ruddy,author,right,somewhat disagree,468,199,269,0.4252136752136752,19,,,,,,,
Carrie Lukas,author,right,somewhat agree,461,260,201,0.5639913232104121,20,,,,,,,
Charlie Kirk,author,right,strongly agree,458,337,121,0.7358078602620087,21,,,,,,,
Dennis Prager,author,right,agree,441,279,162,0.6326530612244898,22,,,,,,,
Sally Pipes,author,right,strongly agree,428,292,136,0.6822429906542056,23,,,,,,,
Chuck Asay (cartoonist),author,right,somewhat agree,418,231,187,0.5526315789473685,24,,,,,,,
Jerry Bowyer,author,right,disagree,417,162,255,0.3884892086330935,25,,,,,,,
Chip Bok (cartoonist),author,right,somewhat agree,405,216,189,0.5333333333333333,26,,,,,,,
William Bennett,author,right,somewhat disagree,362,157,205,0.4337016574585635,27,,,,,,,
Michael Goodwin,author,right,absolutely agree,359,277,82,0.7715877437325905,28,,,,,,,
Michael Medved,author,right,somewhat disagree,351,149,202,0.4245014245014245,29,,,,,,,
Kimberley A. Strassel,author,right,agree,346,213,133,0.615606936416185,30,,,,,,,
Edward Morrissey,author,right,somewhat agree,336,175,161,0.5208333333333334,31,,,,,,,
Debra Saunders,author,right,somewhat agree,325,181,144,0.556923076923077,32,,,,,,,
Heather Mac Donald,author,right,somewhat disagree,323,141,182,0.436532507739938,33,,,,,,,
Mike Pence,author,right,absolutely agree,307,237,70,0.7719869706840391,34,,,,,,,
Ramesh Ponnuru,author,right,somewhat agree,287,163,124,0.5679442508710801,35,,,,,,,
Eric Allie (cartoonist),author,right,somewhat agree,286,159,127,0.5559440559440559,36,,,,,,,
Tom Cole,author,right,somewhat agree,285,165,120,0.5789473684210527,37,,,,,,,
Ed Rogers,author,right,agree,281,175,106,0.6227758007117438,38,,,,,,,
Diamond and Silk,author,right,strongly agree,271,197,74,0.7269372693726938,39,,,,,,,
Jonah Goldberg,author,right,disagree,239,89,150,0.3723849372384937,40,,,,,,,
Pat Buchanan,author,right,strongly agree,233,169,64,0.7253218884120172,41,,,,,,,
Michael Ramirez (cartoonist),author,right,somewhat disagree,228,111,117,0.4868421052631579,42,,,,,,,
Dan Lucas,author,right,somewhat agree,214,120,94,0.5607476635514018,43,,,,,,,
Jeff Jacoby,author,right,somewhat agree,212,125,87,0.589622641509434,44,,,,,,,
Henry Payne (cartoonist),author,right,somewhat disagree,206,93,113,0.4514563106796116,45,,,,,,,
Ralph Benko,author,right,somewhat disagree,205,88,117,0.4292682926829268,46,,,,,,,
John Pudner,author,right,somewhat disagree,188,87,101,0.4627659574468085,47,,,,,,,
Mark Mix,author,right,agree,188,113,75,0.601063829787234,48,,,,,,,
Lanhee Chen,author,right,somewhat disagree,184,80,104,0.4347826086956521,49,,,,,,,
William McGurn,author,right,agree,167,108,59,0.6467065868263473,50,,,,,,,
Dick Locher (cartoonist),author,right,somewhat disagree,159,71,88,0.4465408805031446,51,,,,,,,
Mary O'Grady,author,right,somewhat disagree,159,67,92,0.4213836477987421,52,,,,,,,
Right Guest Commentaries,author,right,somewhat agree,157,90,67,0.5732484076433121,53,,,,,,,
Jerry Holbert (cartoonist),author,right,somewhat agree,148,82,66,0.5540540540540541,54,,,,,,,
Scott Stantis (cartoonist),author,right,somewhat disagree,144,62,82,0.4305555555555556,55,,,,,,,
Lisa Benson (cartoonist),author,right,somewhat agree,143,74,69,0.5174825174825175,56,,,,,,,
Lisa Gable,author,right,somewhat disagree,138,67,71,0.4855072463768116,57,,,,,,,
James Poulos,author,right,somewhat agree,132,76,56,0.5757575757575758,58,,,,,,,
Gary Varvel (cartoonist),author,right,strongly agree,125,91,34,0.728,59,,,,,,,
Glenn McCoy (cartoonist),author,right,somewhat agree,105,56,49,0.5333333333333333,60,,,,,,,
Brad Parscale,author,right,absolutely agree,103,83,20,0.8058252427184466,61,,,,,,,
Michael Graham,author,right,somewhat disagree,101,45,56,0.4455445544554455,62,,,,,,,
Steve Kelley (cartoonist),author,right,somewhat disagree,83,41,42,0.4939759036144578,63,,,,,,,
Ken Catalino (cartoonist),author,right,somewhat disagree,78,38,40,0.4871794871794871,64,,,,,,,
Mike Lester (cartoonist),author,right,somewhat agree,72,42,30,0.5833333333333334,65,,,,,,,
Bob Barr,author,right,somewhat agree,53,29,24,0.5471698113207547,66,,,,,,,
David Harsanyi,author,right,somewhat agree,46,27,19,0.5869565217391305,67,,,,,,,
Aaron Withe,author,right,somewhat agree,39,23,16,0.5897435897435898,68,,,,,,,
Miranda Devine,author,right,strongly agree,26,19,7,0.7307692307692307,69,,,,,,,
Beth Hicks,author,right,agree,23,15,8,0.6521739130434783,70,,,,,,,
Cal Thomas,author,right,agree,18,12,6,0.6666666666666666,71,,,,,,,
Multiple Writers - Right,author,right,strongly agree,11,8,3,0.7272727272727273,72,,,,,,,
Neil Patel,author,right,strongly agree,7,5,2,0.7142857142857143,73,,,,,,,
AllSides Staff,author,mixed,strongly agree,51,36,15,0.7058823529411765,0,,,,,,,
Multiple Writers - Mixed,author,mixed,somewhat disagree,24,11,13,0.4583333333333333,1,,,,,,,
E J Dionne,author,left,somewhat agree,1022,562,460,0.5499021526418787,0,,,,,,,
Paul Krugman,author,left,agree,880,561,319,0.6375,1,,,,,,,
Ezra Klein,author,left,agree,798,483,315,0.6052631578947368,2,,,,,,,
Rev. Jesse Jackson Sr.,author,left,absolutely agree,663,536,127,0.808446455505279,3,,RevJJackson,80366372.0,RevJJackson,185969.0,12683.0,https://rainbowpush.org/
Ryan Cooper,author,left,absolutely agree,638,515,123,0.8072100313479624,4,,ryanlcooper,214120461.0,ryanlcooper,59708.0,2420.0,https://theweek.com/authors/ryan-cooper
Ben Sargent (cartoonist),author,left,somewhat agree,549,293,256,0.5336976320582878,5,,,,,,,
Nicholas Kristof,author,left,somewhat agree,546,289,257,0.5293040293040293,6,,,,,,,
Eugene Robinson,author,left,somewhat agree,525,310,215,0.5904761904761905,7,,,,,,,
Chan Lowe (cartoonist),author,left,somewhat disagree,479,236,243,0.4926931106471816,8,,,,,,,
Clay Bennett (cartoonist),author,left,somewhat agree,342,196,146,0.5730994152046783,9,,,,,,,
Jonathan Chait,author,left,somewhat agree,284,152,132,0.5352112676056338,10,,,,,,,
Joan Blades,author,left,somewhat disagree,254,106,148,0.4173228346456692,11,,,,,,,
Mike Luckovich (cartoonist),author,left,somewhat agree,253,135,118,0.5335968379446641,12,,,,,,,
Left Guest Commentaries,author,left,somewhat disagree,249,117,132,0.4698795180722891,13,,,,,,,
Michael Kinsley,author,left,somewhat agree,218,129,89,0.591743119266055,14,,,,,,,
Leonard Pitts Jr,author,left,somewhat agree,217,124,93,0.5714285714285714,15,,,,,,,
Walt Handelsman (cartoonist),author,left,somewhat disagree,203,97,106,0.4778325123152709,16,,,,,,,
Ryan Cooper,author,left,somewhat agree,197,117,80,0.5939086294416244,17,,ryanlcooper,214120461.0,ryanlcooper,59708.0,2420.0,https://theweek.com/authors/ryan-cooper
Drew Sheneman (cartoonist),author,left,somewhat agree,196,113,83,0.576530612244898,18,,,,,,,
Michelle Goldberg,author,left,somewhat agree,193,101,92,0.5233160621761658,19,,,,,,,
Jonathan Miller,author,left,somewhat disagree,187,92,95,0.4919786096256685,20,,,,,,,
Lauren Duca,author,left,somewhat agree,177,98,79,0.5536723163841808,21,,,,,,,
Tom Toles (cartoonist),author,left,somewhat agree,177,93,84,0.5254237288135594,22,,,,,,,
Dan Wasserman (cartoonist),author,left,agree,171,114,57,0.6666666666666666,23,,,,,,,
Mark Begich,author,left,somewhat agree,167,90,77,0.5389221556886228,24,,,,,,,
Matt Davies (cartoonist),author,left,agree,166,110,56,0.6626506024096386,25,,,,,,,
Steve Benson (cartoonist),author,left,somewhat agree,164,86,78,0.524390243902439,26,,,,,,,
Matt Wuerker (cartoonist),author,left,somewhat agree,158,93,65,0.5886075949367089,27,,,,,,,
Jeff Stahler (cartoonist),author,left,somewhat agree,153,91,62,0.5947712418300654,28,,,,,,,
Joel Pett (cartoonist),author,left,somewhat agree,150,77,73,0.5133333333333333,29,,,,,,,
Jeff Danziger (cartoonist),author,left,somewhat agree,142,75,67,0.528169014084507,30,,,,,,,
Jen Sorensen (cartoonist),author,left,agree,138,83,55,0.6014492753623188,31,,,,,,,
Tony Auth (cartoonist),author,left,somewhat agree,119,66,53,0.5546218487394958,32,,,,,,,
Jack Ohman (cartoonist),author,left,agree,117,75,42,0.6410256410256411,33,,,,,,,
Rob Rogers (cartoonist),author,left,absolutely agree,117,93,24,0.7948717948717948,34,,,,,,,
Ted Rall (cartoonist),author,left,somewhat agree,117,67,50,0.5726495726495726,35,,,,,,,
Eli Pariser,author,left,somewhat agree,110,66,44,0.6,36,,,,,,,
Steve Sack (cartoonist),author,left,agree,110,71,39,0.6454545454545455,37,,,,,,,
Stuart Carlson (cartoonist),author,left,somewhat disagree,109,50,59,0.4587155963302752,38,,,,,,,
Jim Morin (cartoonist),author,left,strongly agree,97,66,31,0.6804123711340206,39,,,,,,,
Mark Morford,author,left,agree,91,56,35,0.6153846153846154,40,,,,,,,
Matt Bors (cartoonist),author,left,strongly agree,91,66,25,0.7252747252747253,41,,,,,,,
Hirsh Joshi,author,left,somewhat agree,88,50,38,0.5681818181818182,42,,,,,,,
Lalo Alcaraz (cartoonist),author,left,agree,83,52,31,0.6265060240963856,43,,,,,,,
Signe Wilkinson (cartoonist),author,left,somewhat agree,82,49,33,0.5975609756097561,44,,,,,,,
Dr. Abdul El-Sayed,author,left,agree,74,48,26,0.6486486486486487,45,,,,,,,
Jeff Spross,author,left,somewhat agree,71,42,29,0.5915492957746479,46,,,,,,,
Small World (cartoonist),author,left,somewhat disagree,71,35,36,0.4929577464788732,47,,,,,,,
Joan Walsh,author,left,agree,31,19,12,0.6129032258064516,48,,,,,,,
Elie Mystal,author,left,somewhat agree,26,14,12,0.5384615384615384,49,,,,,,,
Jordan Weissmann,author,left,somewhat disagree,25,11,14,0.44,50,,,,,,,
Multiple Writers - Left,author,left,absolutely agree,5,5,0,1.0,51,,,,,,,
Charles Krauthammer,author,lean right,somewhat agree,1444,784,660,0.5429362880886427,0,,,,,,,
Joe Scarborough,author,lean right,absolutely disagree,1436,265,1171,0.1845403899721448,1,,,,,,,
John Stossel,author,lean right,somewhat agree,1350,773,577,0.5725925925925925,2,,,,,,,
Ben Stein,author,lean right,somewhat agree,1273,756,517,0.593872741555381,3,,,,,,,
David Brooks,author,lean right,somewhat disagree,1011,451,560,0.4460929772502472,4,,,,,,,
Rand Paul,author,lean right,somewhat agree,997,534,463,0.5356068204613842,5,,,,,,,
Bret Stephens,author,lean right,somewhat disagree,725,341,384,0.4703448275862069,6,,,,,,,
Andy Ngo,author,lean right,somewhat disagree,723,327,396,0.4522821576763485,7,,,,,,,
Thomas Sowell,author,lean right,agree,704,424,280,0.6022727272727273,8,,,,,,,
Guest Writer - Right,author,lean right,somewhat disagree,660,275,385,0.4166666666666667,9,,,,,,,
Dick Morris,author,lean right,somewhat disagree,535,239,296,0.4467289719626168,10,,,,,,,
Peter Roff,author,lean right,strongly agree,508,343,165,0.6751968503937008,11,,,,,,,
Alan Dershowitz,author,lean right,absolutely disagree,475,116,359,0.2442105263157894,12,,,,,,,
"John Gable, AllSides Founder",author,lean right,somewhat disagree,466,203,263,0.4356223175965665,13,,,,,,,
Victor Hanson,author,lean right,somewhat disagree,448,221,227,0.4933035714285714,14,,,,,,,
Kathleen Parker,author,lean right,somewhat agree,391,222,169,0.5677749360613811,15,,,,,,,
Andrew Sullivan,author,lean right,somewhat agree,376,199,177,0.5292553191489362,16,,,,,,,
Ross Douthat,author,lean right,agree,351,215,136,0.6125356125356125,17,,,,,,,
Christopher Buskirk,author,lean right,somewhat agree,316,182,134,0.5759493670886076,18,,,,,,,
John Fund,author,lean right,somewhat disagree,310,150,160,0.4838709677419355,19,,,,,,,
Michael Gerson,author,lean right,somewhat agree,305,169,136,0.5540983606557377,20,,,,,,,
Michael Barone,author,lean right,somewhat agree,277,156,121,0.5631768953068592,21,,,,,,,
Matt Welch,author,lean right,disagree,276,104,172,0.3768115942028985,22,,,,,,,
Dana Summers (cartoonist),author,lean right,somewhat disagree,272,131,141,0.4816176470588235,23,,,,,,,
Michael Brendan Dougherty,author,lean right,somewhat disagree,272,131,141,0.4816176470588235,24,,,,,,,
Jeff Flake,author,lean right,strongly disagree,266,83,183,0.3120300751879699,25,,,,,,,
Jack Welch,author,lean right,somewhat agree,258,139,119,0.5387596899224806,26,,,,,,,
S.E. Cupp,author,lean right,disagree,215,80,135,0.3720930232558139,27,,,,,,,
James Pethokoukis,author,lean right,somewhat agree,199,101,98,0.507537688442211,28,,,,,,,
Peter Thiel,author,lean right,somewhat disagree,193,86,107,0.4455958549222797,29,,,,,,,
Rich Zeoli,author,lean right,somewhat agree,189,106,83,0.5608465608465608,30,,,,,,,
George W. Bush,author,lean right,strongly agree,188,130,58,0.6914893617021277,31,,,,,,,
Cathy Young,author,lean right,somewhat disagree,173,78,95,0.4508670520231214,32,,,,,,,
Tim Groseclose,author,lean right,agree,167,101,66,0.6047904191616766,33,,,,,,,
James Hohmann,author,lean right,somewhat disagree,164,73,91,0.4451219512195122,34,,,,,,,
Steve Forbes,author,lean right,somewhat agree,152,91,61,0.5986842105263158,35,,,,,,,
Mike Huckabee,author,lean right,somewhat disagree,141,67,74,0.475177304964539,36,,,,,,,
Matt Towery,author,lean right,somewhat agree,129,71,58,0.5503875968992248,37,,,,,,,
Tom Nichols,author,lean right,,124,62,62,0.5,38,,,,,,,
Matthew Walther,author,lean right,absolutely agree,115,94,21,0.8173913043478261,39,,,,,,,
Noah Rothman,author,lean right,somewhat agree,112,64,48,0.5714285714285714,40,,,,,,,
John K. Herr,author,lean right,somewhat agree,110,62,48,0.5636363636363636,41,,,,,,,
Scott Jennings,author,lean right,somewhat agree,105,60,45,0.5714285714285714,42,,,,,,,
David French,author,lean right,somewhat agree,101,60,41,0.594059405940594,43,,,,,,,
James Bovard,author,lean right,agree,71,43,28,0.6056338028169014,44,,,,,,,
Bernie Goldberg,author,lean right,agree,70,46,24,0.6571428571428571,45,,,,,,,
David Frum,author,lean right,disagree,50,19,31,0.38,46,,,,,,,
Julie Mastrine,author,lean right,somewhat agree,36,21,15,0.5833333333333334,47,,,,,,,
Karl Rove,author,lean right,somewhat disagree,34,15,19,0.4411764705882353,48,,,,,,,
Glenn Harlan Reynolds,author,lean right,somewhat agree,24,14,10,0.5833333333333334,49,,,,,,,
Jim Geraghty,author,lean right,somewhat agree,22,12,10,0.5454545454545454,50,,,,,,,
Kyle Smith,author,lean right,somewhat agree,20,11,9,0.55,51,,,,,,,
Helen Andrews,author,lean right,agree,19,12,7,0.631578947368421,52,,,,,,,
Rick Snyder,author,lean right,somewhat disagree,16,7,9,0.4375,53,,,,,,,
Multiple Writers - Lean Right,author,lean right,somewhat disagree,15,7,8,0.4666666666666667,54,,,,,,,
Eric Boehm,author,lean right,,14,7,7,0.5,55,,,,,,,
Mario Nicolais,author,lean right,somewhat disagree,14,6,8,0.4285714285714285,56,,,,,,,
Max Karlin,author,lean right,somewhat agree,14,8,6,0.5714285714285714,57,,,,,,,
Michael Strong,author,lean right,somewhat disagree,14,6,8,0.4285714285714285,58,,,,,,,
Robert Verbruggen,author,lean right,somewhat disagree,9,4,5,0.4444444444444444,59,,,,,,,
Marc Joffe,author,lean right,,8,4,4,0.5,60,,,,,,,
Christiane Amanpour,author,lean left,somewhat disagree,1221,536,685,0.438984438984439,0,,,,,,,
Juan Williams,author,lean left,somewhat agree,986,513,473,0.5202839756592292,1,,,,,,,
Piers Morgan,author,lean left,disagree,977,345,632,0.353121801432958,2,,,,,,,
Charles Blow,author,lean left,somewhat disagree,697,330,367,0.4734576757532281,3,,,,,,,
Damon Linker,author,lean left,somewhat agree,673,337,336,0.5007429420505201,4,,,,,,,
Annafi Wahed,author,lean left,somewhat agree,616,315,301,0.5113636363636364,5,,,,,,,
Jennifer Rubin,author,lean left,disagree,587,214,373,0.3645655877342419,6,,,,,,,
Guest Writer - Left,author,lean left,somewhat disagree,532,220,312,0.4135338345864661,7,,,,,,,
Arkadi Gerney,author,lean left,somewhat agree,507,276,231,0.5443786982248521,8,,,,,,,
Eric Holder,author,lean left,absolutely disagree,438,90,348,0.2054794520547945,9,,,,,,,
Ruth Marcus,author,lean left,somewhat disagree,390,194,196,0.4974358974358974,10,,,,,,,
David Leonhardt,author,lean left,somewhat agree,353,196,157,0.5552407932011332,11,,,,,,,
Andrew Yang,author,lean left,agree,349,220,129,0.6303724928366762,12,,,,,,,
Julian Zelizer,author,lean left,somewhat disagree,336,155,181,0.4613095238095238,13,,,,,,,
Thomas Frank,author,lean left,somewhat disagree,325,155,170,0.4769230769230769,14,,,,,,,
Rick Ungar,author,lean left,somewhat agree,322,169,153,0.5248447204968945,15,,,,,,,
Frank Bruni,author,lean left,somewhat disagree,317,145,172,0.4574132492113564,16,,,,,,,
Jon Terbush,author,lean left,somewhat disagree,299,123,176,0.411371237458194,17,,,,,,,
Rahm Emanuel,author,lean left,absolutely disagree,296,69,227,0.2331081081081081,18,,,,,,,
Stacey Abrams,author,lean left,strongly disagree,279,76,203,0.2724014336917563,19,,,,,,,
Willam A. Galston,author,lean left,somewhat agree,245,128,117,0.5224489795918368,20,,,,,,,
Kirsten Powers,author,lean left,somewhat agree,235,125,110,0.5319148936170213,21,,,,,,,
Froma Harrop,author,lean left,somewhat agree,198,104,94,0.5252525252525253,22,,,,,,,
David Holmes,author,lean left,somewhat agree,190,110,80,0.5789473684210527,23,,,,,,,
Michelle Alexander,author,lean left,somewhat agree,187,96,91,0.5133689839572193,24,,,,,,,
Jim Rutenberg,author,lean left,somewhat agree,151,83,68,0.5496688741721855,25,,,,,,,
Rachel Eckhardt,author,lean left,somewhat disagree,144,64,80,0.4444444444444444,26,,,,,,,
Thomas L. Friedman,author,lean left,disagree,135,54,81,0.4,27,,,,,,,
Neil J. Young,author,lean left,somewhat disagree,133,62,71,0.4661654135338345,28,,,,,,,
Katie Hill,author,lean left,somewhat disagree,123,57,66,0.4634146341463415,29,,,,,,,
Kevin Kallaugher (cartoonist),author,lean left,somewhat agree,92,51,41,0.5543478260869565,30,,,,,,,
Richard M. Cohen,author,lean left,somewhat agree,90,50,40,0.5555555555555556,31,,,,,,,
Jeremy E Sherman,author,lean left,somewhat disagree,89,40,49,0.449438202247191,32,,,,,,,
Gabrielle Giffords,author,lean left,somewhat disagree,88,40,48,0.4545454545454545,33,,,,,,,
Jim Obergefell,author,lean left,somewhat agree,71,36,35,0.5070422535211268,34,,,,,,,
Glenn Greenwald,author,lean left,disagree,67,26,41,0.3880597014925373,35,,,,,,,
Neal K. Katyal,author,lean left,somewhat agree,65,36,29,0.5538461538461539,36,,,,,,,
Martin Luther King III,author,lean left,somewhat agree,49,25,24,0.5102040816326531,37,,,,,,,
Leana Wen,author,lean left,disagree,38,15,23,0.3947368421052631,38,,,,,,,
John Lewis,author,lean left,somewhat disagree,30,14,16,0.4666666666666667,39,,,,,,,
Bella Jasper,author,lean left,somewhat agree,27,14,13,0.5185185185185185,40,,,,,,,
Tonya Russell,author,lean left,somewhat agree,22,12,10,0.5454545454545454,41,,,,,,,
Andy Meek,author,lean left,somewhat agree,21,12,9,0.5714285714285714,42,,,,,,,
Kwame Raoul,author,lean left,somewhat disagree,21,9,12,0.4285714285714285,43,,,,,,,
Joseph Ratliff,author,lean left,,20,10,10,0.5,44,,,,,,,
Brandon Rennels,author,lean left,disagree,16,6,10,0.375,45,,,,,,,
Rick Wytmar,author,lean left,,16,8,8,0.5,46,,,,,,,
Clara Nevins,author,lean left,somewhat disagree,14,6,8,0.4285714285714285,47,,,,,,,
Marcia Beckford,author,lean left,,14,7,7,0.5,48,,,,,,,
Mark Hertsgaard,author,lean left,,14,7,7,0.5,49,,,,,,,
Kelly Murphy,author,lean left,,12,6,6,0.5,50,,,,,,,
Kristin Hansen,author,lean left,strongly disagree,12,4,8,0.3333333333333333,51,,,,,,,
Lucy Pinto,author,lean left,strongly disagree,12,4,8,0.3333333333333333,52,,,,,,,
Shannon Mannon,author,lean left,somewhat disagree,11,5,6,0.4545454545454545,53,,,,,,,
Henry Windsor,author,lean left,strongly agree,10,7,3,0.7,54,,,,,,,
Jeremy Garson,author,lean left,somewhat agree,9,5,4,0.5555555555555556,55,,,,,,,
Gina Baleria,author,lean left,agree,8,5,3,0.625,56,,,,,,,
Multiple Writers - Lean Left,author,lean left,agree,8,5,3,0.625,57,,,,,,,
Tara Parekh,author,lean left,,8,4,4,0.5,58,,,,,,,
Debilyn Molineaux,author,lean left,somewhat agree,7,4,3,0.5714285714285714,59,,,,,,,
Samantha Shireman,author,lean left,,6,3,3,0.5,60,,,,,,,
Hyria Stuart,author,lean left,absolutely agree,1,1,0,1.0,61,,,,,,,
Tim Pool,author,center,somewhat disagree,2452,1127,1325,0.4596247960848287,0,,,,,,,
Fareed Zakaria,author,center,disagree,1208,423,785,0.3501655629139072,1,,,,,,,
Howard Kurtz,author,center,somewhat agree,896,498,398,0.5558035714285714,2,,,,,,,
Beth Ballentine,author,center,somewhat disagree,804,374,430,0.4651741293532338,3,,,,,,,
Maureen Dowd,author,center,strongly disagree,782,203,579,0.2595907928388747,4,,,,,,,
Dana Milbank,author,center,disagree,621,231,390,0.3719806763285024,5,,,,,,,
Erik Wemple,author,center,somewhat disagree,610,258,352,0.4229508196721311,6,,,,,,,
Billy Binion,author,center,somewhat agree,503,285,218,0.5666003976143141,7,,,,,,,
David Ignatius,author,center,somewhat disagree,457,189,268,0.4135667396061269,8,,,,,,,
Chris Wallace,author,center,disagree,396,151,245,0.3813131313131313,9,,,,,,,
Chris Britt (cartoonist),author,center,agree,334,207,127,0.6197604790419161,10,,,,,,,
Robert Samuelson,author,center,somewhat disagree,285,133,152,0.4666666666666667,11,,,,,,,
Saagar Enjeti,author,center,somewhat agree,258,130,128,0.5038759689922481,12,,,,,,,
Rem Reider,author,center,somewhat disagree,214,100,114,0.4672897196261682,13,,,,,,,
Morgan Jacobsen,author,center,somewhat disagree,189,83,106,0.4391534391534391,14,,,,,,,
Drew Litton (cartoonist),author,center,disagree,175,60,115,0.3428571428571428,15,,,,,,,
Rich Tafel,author,center,somewhat agree,171,90,81,0.5263157894736842,16,,,,,,,
Scott Adams,author,center,somewhat disagree,167,81,86,0.4850299401197604,17,,,,,,,
Gary Markstein (cartoonist),author,center,somewhat disagree,164,70,94,0.4268292682926829,18,,,,,,,
James Mattis,author,center,somewhat agree,164,89,75,0.5426829268292683,19,,,,,,,
Robert Ariail (cartoonist),author,center,somewhat disagree,164,77,87,0.4695121951219512,20,,,,,,,
Mike Thompson (cartoonist),author,center,somewhat disagree,158,70,88,0.4430379746835443,21,,,,,,,
Rod Blagojevich,author,center,absolutely disagree,153,26,127,0.1699346405228758,22,,,,,,,
Conor Friedersdorf,author,center,somewhat disagree,152,67,85,0.4407894736842105,23,,,,,,,
Henry A. Brechter,author,center,somewhat disagree,150,74,76,0.4933333333333333,24,,,,,,,
Marshall Ramsey (cartoonist),author,center,somewhat agree,148,80,68,0.5405405405405406,25,,,,,,,
Pat Oliphant (cartoonist),author,center,somewhat disagree,147,71,76,0.4829931972789115,26,,,,,,,
Guest Writer - Center,author,center,somewhat disagree,146,60,86,0.410958904109589,27,,,,,,,
Bari Weiss,author,center,somewhat agree,142,80,62,0.5633802816901409,28,,,,,,,
SBG,author,center,somewhat agree,141,72,69,0.5106382978723404,29,,,,,,,
John Deering (cartoonist),author,center,somewhat disagree,138,68,70,0.4927536231884058,30,,,,,,,
Steve Breen (cartoonist),author,center,somewhat agree,137,77,60,0.5620437956204379,31,,,,,,,
Paul Szep (cartoonist),author,center,,134,67,67,0.5,32,,,,,,,
Jonathan Haidt,author,center,agree,131,80,51,0.6106870229007634,33,,,,,,,
Nick Anderson (cartoonist),author,center,somewhat disagree,130,56,74,0.4307692307692308,34,,,,,,,
Charles Lane,author,center,somewhat disagree,124,52,72,0.4193548387096774,35,,,,,,,
Mark Gerzon,author,center,somewhat disagree,122,55,67,0.4508196721311475,36,,,,,,,
Paul Volcker,author,center,somewhat agree,111,61,50,0.5495495495495496,37,,,,,,,
Judy Sheindlin,author,center,disagree,88,32,56,0.3636363636363636,38,,,,,,,
Sam Harris,author,center,somewhat agree,75,45,30,0.6,39,,,,,,,
Jreg (Youtuber),author,center,somewhat disagree,71,32,39,0.4507042253521127,40,,,,,,,
Masih Alinejad,author,center,somewhat agree,64,36,28,0.5625,41,,,,,,,
David Petraeus,author,center,somewhat disagree,54,25,29,0.4629629629629629,42,,,,,,,
H.R. McMaster,author,center,strongly agree,50,34,16,0.68,43,,,,,,,
Laura Rose Junco,author,center,somewhat disagree,36,17,19,0.4722222222222222,44,,,,,,,
Multiple Writers - Center,author,center,disagree,29,10,19,0.3448275862068966,45,,,,,,,
Avanti Giridharan,author,center,somewhat agree,28,16,12,0.5714285714285714,46,,,,,,,
John R. Wood Jr.,author,center,somewhat agree,27,15,12,0.5555555555555556,47,,,,,,,
James Coan,author,center,somewhat agree,22,12,10,0.5454545454545454,48,,,,,,,
Bonnie Kristian,author,center,somewhat agree,21,12,9,0.5714285714285714,49,,,,,,,
Dan Schnur,author,center,disagree,21,8,13,0.3809523809523809,50,,,,,,,
Jackson Lanzer,author,center,agree,21,13,8,0.6190476190476191,51,,,,,,,
Rolf Hendriks,author,center,somewhat agree,19,10,9,0.5263157894736842,52,,,,,,,
Pedro Silva,author,center,somewhat disagree,17,8,9,0.4705882352941176,53,,,,,,,
Russell Brandom,author,center,absolutely disagree,17,4,13,0.2352941176470588,54,,,,,,,
Eli Steinberg,author,center,somewhat disagree,16,7,9,0.4375,55,,,,,,,
Jared McKiernan,author,center,somewhat agree,15,9,6,0.6,56,,,,,,,
Sukhayl Niyazov,author,center,somewhat disagree,15,7,8,0.4666666666666667,57,,,,,,,
Steven Petrow,author,center,absolutely disagree,13,3,10,0.2307692307692307,58,,,,,,,
Micaela Ricaforte,author,center,strongly disagree,12,4,8,0.3333333333333333,59,,,,,,,
Dylan Rose,author,center,somewhat agree,9,5,4,0.5555555555555556,60,,,,,,,
Michael Tauberg,author,center,somewhat agree,7,4,3,0.5714285714285714,61,,,,,,,
Paul Brandus,author,center,somewhat disagree,7,3,4,0.4285714285714285,62,,,,,,,
Phillip Bader,author,center,absolutely disagree,6,1,5,0.1666666666666666,63,,,,,,,
Ron Suskind,author,center,strongly agree,4,3,1,0.75,64,,,,,,,
Matt Byrne,author,center,,2,1,1,0.5,65,,,,,,,
Spread Great Ideas,author,center,,0,0,0,,66,,,,,,,
